date,follow,unfollow
TS_Nr,Description Chin,Size_or_Type
 51910958S,µ¯µæ+Ð¡ÐÍÔ²ÐÎµæÈ¦µÄÊ®×Ö²ÛÅÌÍ·Ð¡ÂÝË¿ M3x35,
10010910038,CÐÍÂÝË¿×ù28,
10010910058,CÐÍÂÝË¿×ù30,
10010910530,BÐÍÂÝË¿×ù28,
10010910543,CÐÍÂÝË¿×ù90,
10010910575,EÐÍÂÝË¿×ù28,
11010190032,ÂÝË¨M10X40,
11010190038,ÂÝË¨M8X30,
11010190077,ÂÝË¨M10X45,
11010260435,ÂÝË¨M12X55,
11010280005,ÂÝË¨M8X80,
11010280023,ÂÝË¨M8X35,
11010280036,ÂÝË¨M16X60,
11010280040,ÂÝË¨M8X40,
11010280051,ÂÝË¨M12X50,
11010280056,ÂÝË¨M8X45,
11010280200,ÂÝË¨M10X40,
11010280252,ÂÝË¨M10X60,
11010280258,ÂÝË¨M12X55,
